ҵ��ģ��,����ģ��,��������,��������,KANO����,������,��һ��ɸѡ,�ڶ���ɸѡ,������ɸѡ
������������,Ȩ�޹���,��ɫ����,�û�����,����,��ɫ����,,2,
������������,Ȩ�޹���,����/�û������,�û�����,����,����/�û������,,2,
������������,Ȩ�޹���,�û�����,�û�����,����,�û�����,,,
������������,��־����,������־,�ۺ�ά��,����,������־,,,3
������������,��־����,������־,�ۺ�ά��,����,��־��ѯ,,,3
������������,ϵͳ����,ϵͳ����,�ۺ�ά��,����,ϵͳ����,,,3
������������,ϵͳ����,�������,�ۺ�ά��,����,�������,1,,
������������,ϵͳ����,��������,�ۺ�ά��,����,��������,,,3
������������,ϵͳ����,������������,�ۺ�ά��,����,������������,,,3
������������,ϵͳά��,����,�ۺ�ά��,����,����,,,3
������������,ϵͳά��,���ݺͻ�ԭ,�ۺ�ά��,����,���ݺͻ�ԭ,,,3
������������,ϵͳά��,ϵͳ���м�¼,�ۺ�ά��,����,ϵͳ���м�¼,,,3
������������,ϵͳά��,ʱ��ͬ��,�ۺ�ά��,����,ʱ��ͬ��,,,3
������������,ϵͳά��,�豸����,�ۺ�ά��,����,�豸����,,,3
������������,ϵͳά��,���Ź�,�ۺ�ά��,����,���Ź�,,,3
������������,ϵͳά��,Զ��ά��,�ۺ�ά��,����,Զ��ά��,,,3
������������,ϵͳ�����,ϵͳ�Իָ�,�ۺ�ά��,����,ϵͳ�Իָ�,,,3
������������,��ȫ����,�˻����밲ȫ,�������,����,�˻����밲ȫ,,,
������������,��ȫ����,ϵͳ��ȫ,�������,����,ϵͳ��ȫ,,,
������������,ϵͳ�Լ��,ϵͳ�Լ��,�������,����,ϵͳ�Լ��,,,
������������,������,������,�������,����,������,,,
������������,ϵͳ����,��¼ҳ����,�û�����,����,��¼ҳ����,,2,
������������,ϵͳ����,ϵͳ����,�û�����,����,ϵͳ����,,2,
���ݹ���,���ݲɼ�,ʵʱ���ݲɼ�,�������,����,ʵʱ���ݲɼ�,,,
���ݹ���,���ݲɼ�,ʵʱ����,�������,����,ʵʱ����,,,
���ݹ���,���ݲɼ�,�豸����,����ʩ��,����,�豸����,,,3
���ݹ���,���ݴ���,����Ͳ�������,����ʩ��,����,����Ͳ�������,1,,
���ݹ���,���ݴ���,��ʷ����,�������,����,��ʷ����,,,
���ݹ���,���ݴ���,���ݴ洢����,�û�����,����,���ݴ洢����,,2,
���ݹ���,���ݴ���,���ݹ�ʱ����,�ۺ�ά��,����,���ݹ�ʱ����,,,3
���ݹ���,���ݴ���,���ݻ���/����,�������,����,���ݻ���/����,,,
���ݹ���,���ݴ���,���緽ʽ,�������,����,���緽ʽ,,,
���ݹ���,���ݴ���,�����ϱ�,�������,����,�����ϱ�,,,
���ݹ���,���ݷ���,��׼����ӿ�,����ʩ��,����,��׼����ӿ�,,,3
���ݹ���,���ݷ���,����ӿڶ���,����ʩ��,����,����ӿڶ���,1,,
��������,���Ʋ���,���Ʋ����Զ���,����ʩ��,����,���Ʋ����Զ���,1,,
��������,���Ʋ���,��ʱ����,����ʩ��,����,��ʱ����,1,,
��������,Զ�̿���,Զ�̿���,�ۺ�ά��,����,Զ�̿���,,,3
�澯����,�澯��������,�澯����,�������,����,�澯����,,,
�澯����,�澯��������,�澯���ɺͻָ�,�������,����,�澯���ɺͻָ�,,,
�澯����,�澯��������,�澯�ּ�,�������,����,�澯�ּ�,,,
�澯����,�澯��������,�澯����,�û�����,����,�澯����,,,
�澯����,�澯��������,�澯��ѯ,�������,����,�澯����,,,
�澯����,�澯��������,�澯����,�û�����,����,�澯����,,,
�澯����,�澯��������,�澯����,�������,����,�澯����,,,
�澯����,�澯��������,�澯ȷ��,�������,����,�澯ȷ��,,,
�澯����,�澯��֪����,�澯/�¼����Ͳ���,�û�����,����,�澯/�¼����Ͳ���,,,
�澯����,�澯��֪����,APP��ѯ,�������,����,APP��ѯ,,2,
�澯����,�澯��֪����,��ʱ��ƽ��,�������,����,��ʱ��ƽ��,,,
�澯����,�澯��֪����,��Ϣģ��,�û�����,����,��Ϣģ��,,,
�澯����,�澯��֪����,�籩Ԥ��,�������,����,�籩Ԥ��,,,
�澯����,�澯��֪��ʽ,���Ÿ澯,�������,����,���Ÿ澯,,,
�澯����,�澯��֪��ʽ,�绰�����澯,�������,����,�绰�����澯,,,
�澯����,�澯��֪��ʽ,�ʼ��澯,�������,����,�ʼ��澯,,,
�澯����,�澯��֪��ʽ,����澯,�������,����,����澯,,,
�澯����,�澯��֪��ʽ,����澯,�������,����,����澯,,,
�澯����,�澯��֪��ʽ,���������澯,�������,����,���������澯,,,
�澯����,�澯��֪��ʽ,΢�Ÿ澯,�������,����,΢�Ÿ澯,,,
�澯����,�澯��֪��ʽ,popo�澯,�������,����,popo�澯,,,
�澯����,�澯��֪��¼,�澯��֪��¼����,�������,����,�澯��֪��¼����,,,
�ƶ�APP,���ݹ���,����չʾ,�������,����,����,,2,
�ƶ�APP,���ݹ���,ʵʱ��������,�������,����,ʵʱ��������,,2,
�ƶ�APP,���ݹ���,��ʷ��������,�������,����,��ʷ��������,,2,
�ƶ�APP,�豸����,Զ�̿����豸,�������,����,Զ�̿����豸,,2,
�ƶ�APP,�澯/�¼���֪,����ʵʱ�澯����,�������,����,����ʵʱ�澯����,,2,
�ƶ�APP,�澯/�¼���֪,��ʷ�澯,�������,����,��ʷ�澯,,2,
�ƶ�APP,�澯/�¼���֪,�澯����,�������,����,�澯����,,2,
�ƶ�APP,�澯/�¼���֪,�鿴�澯�豸����,�������,����,�鿴�澯�豸����,,2,
�ƶ�APP,�豸��ѯ,�豸��ѯ,�������,����,�豸��ѯ,,2,
�ƶ�APP,�豸��ѯ,��ע�豸,�������,����,��ע�豸,,2,
��������,��ѯ����,�¼���ѯ,�������,����,�¼���ѯ,,2,
��������,��ѯ����,�¼��������ڲ�ѯ,�������,����,�¼��������ڲ�ѯ,,2,
��������,��ѯ����,���ݲ�ѯ,�������,����,���ݲ�ѯ,,2,
������̬,������̬,�ռ��豸����,����ʩ��,����,�ռ��豸����,1,,
������̬,������̬,���ӹ���,����ʩ��,����,���ӹ���,1,,
������̬,������̬,���������,����ʩ��,����,���������,1,,
������̬,������̬,ģ�����,����ʩ��,����,ģ�����,1,,
������̬,������̬,ҳ����̬,����ʩ��,����,ҳ����̬,1,,
������̬,������̬,�豸��̬,����ʩ��,����,�豸��̬,1,,
������̬,������̬,ͼԪ����,����ʩ��,����,ͼԪ����,1,,
������̬,������̬,��ʷ����ͼԪ,����ʩ��,����,��ʷ����ͼԪ,1,,
������̬,������̬,����ͼԪ,����ʩ��,����,����ͼԪ,1,,
������̬,������̬,������̬,����ʩ��,����,������̬,1,,
������̬,������̬,����ͷͼԪ,����ʩ��,����,����ͷͼԪ,1,,
����չʾ,��̬ҳ��չʾ,�����,�������,����,�����,,,
����չʾ,��̬ҳ��չʾ,������ѯ,�������,����,������ѯ,,,
����չʾ,��̬ҳ��չʾ,�ֲ�ּ�ҳ��չʾ,�������,����,�ֲ�ּ�ҳ��չʾ,,,
����չʾ,��̬ҳ��չʾ,�豸ҳ���׼��չʾ,�������,����,�豸ҳ���׼��չʾ,,,
����չʾ,��̬ҳ��չʾ,ҳ�浼��,�������,����,ҳ�浼��,,,
����չʾ,��̬ҳ��չʾ,�豸��,�������,����,�豸��,,,
����չʾ,��̬ҳ��չʾ,��Ļ�ͷֱ�������,�������,����,��Ļ�ͷֱ�������,,,
����չʾ,��̬ҳ��չʾ,ʸ������,�������,����,ʸ������,,2,
����չʾ,��̬ҳ��չʾ,ҳ����,�������,����,ҳ����,,2,
����չʾ,�澯չʾ,�澯ͳ��չʾ,�������,����,�澯ͳ��չʾ,,,
����չʾ,�澯չʾ,�澯�¼���,�������,����,�澯�¼���,,,
����չʾ,�澯չʾ,�澯360,�������,����,�澯360,,,
����չʾ,�澯չʾ,������,�û�����,����,������,,2,
����չʾ,����չʾ,����չʾ,�������,����,����չʾ,,2,
����չʾ,����չʾ,�����ֲ�,�������,����,�����ֲ�,,2,
��Ϣ����,֪ͨ����,��������,�������,����,����,,2,
��Ϣ����,֪ͨ����,��������,�������,����,��������,,2,
��Ϣ����,֪ͨ����,�ݸ���,�������,����,�ݸ���,,2,
��Ϣ����,֪ͨ����,�ѷ�����,�������,����,�ѷ�����,,2,
��Ϣ����,֪ͨ����,ȫ������,�������,����,ȫ������,,2,
��Ϣ����,֪ͨ����,��������,�������,����,��������,,2,
��Ϣ����,ϵͳ��Ϣ,��Ϣ����,�������,����,��Ϣ����,,2,
��Ϣ����,ϵͳ��Ϣ,��Ϣ����,�������,����,��Ϣ����,,2,
�ʲ���Ϣ,�ʲ�����,�ʲ���Ϣ,�������,����,�ʲ���Ϣ,,,
�ʲ���Ϣ,�ʲ�����,�����ʲ�,�������,����,�����ʲ�,,,
�ʲ���Ϣ,�ʲ�����,����ģ��,�������,����,����ģ��,,,
�ʲ���Ϣ,�ʲ�����,�ʲ�����,�������,����,�ʲ�����,,,
�ʲ���Ϣ,�ʲ�����,�ϼܵ���,�������,����,�ϼܵ���,,,
�ʲ���Ϣ,�ʲ�����,��������,�������,����,��������,,,
�ʲ���Ϣ,�ʲ�����,������,�������,����,������,,,
�ʲ���Ϣ,�ʲ�����,ˢ��,�������,����,ˢ��,,,
�ʲ���Ϣ,�ʲ�����,��λ,�������,����,��λ,,,
�ʲ���Ϣ,�ʲ�����,����,�������,����,����,,,
�ʲ���Ϣ,����,�ʲ�����豸,�û�����,����,�ʲ�����豸,,,
�ʲ���Ϣ,����,�Զ����¼�����,�û�����,����,�Զ����¼�����,,,
�ʲ���Ϣ,����,�Զ�������,�û�����,����,�Զ�������,,,
�ʲ���Ϣ,����,Uλָʾ��״̬����,�û�����,����,Uλָʾ��״̬����,,,
�ʲ���Ϣ,����,�ʲ����澯��������,�û�����,����,�ʲ����澯��������,,,
ץ�ļ�¼,ץ�ļ�¼,ץ�ļ�¼,�������,����,ץ�ļ�¼,,2,
��ƽ��,��Ϣչʾ,����,�������,����,����,,,
��ƽ��,��Ϣչʾ,���,�������,����,���,,,
��ƽ��,��Ϣչʾ,����,�������,����,����,,,
��ƽ��,��Ϣչʾ,����,�������,����,����,,,
��ƽ��,��Ϣչʾ,IT��ʩ,�������,����,IT��ʩ,,,
��ƽ��,��Ϣչʾ,�ʲ���Ϣ,�������,����,�ʲ���Ϣ,,,
��ƽ��,��������,��Ϣ����,�û�����,����,��Ϣ����,,,
��ƽ��,��������,ˢ������,�û�����,����,ˢ������,,,
��ƽ��,��������,�޸�����,�û�����,����,�޸�����,,,
��ƽ��,��������,���ⷴ��,�û�����,����,���ⷴ��,,,
��ƽ��,��������,�澯����,�û�����,����,�澯����,,,
��ƽ��,��������,��ǰ�汾,�û�����,����,��ǰ�汾,,,
��ƽ��,��������,ע����¼,�û�����,����,ע����¼,,,
��ƽ��,�澯չʾ,�澯ͳ��չʾ,�������,����,�澯ͳ��չʾ,,,
��ƽ��,����ʶ��,����ʶ��,�������,����,����ʶ��,,,
�Ž�,�Ž�ϵͳ,���ſ���,�������,����,��������,,,
�Ž�,�Ž�ϵͳ,�û�����,�������,����,,,,
�Ž�,�Ž�ϵͳ,�Ž���¼,�������,����,,,,
ECO,ECO����ϵͳ,ECO����ģʽ,�������,����,,,2,
ECO,ECO����ϵͳ,ECO��������,�������,����,,,2,
ECO,ECO��־,ECO��־,�������,����,,,2,
